1,2.102E+11,Children,Children Sports,"A-Team, Kids","Kids Sweat Round Neck,Large Logo",US,A Team Sports,3298
2,2.102E+11,Children,Children Sports,"A-Team, Kids",Sweatshirt Children's O-Neck,US,A Team Sports,3298
3,2.102E+11,Children,Children Sports,"Bathing Suits, Kids",Sunfit Slow Swimming Trunks,US,Nautlius SportsWear Inc,6153
4,2.102E+11,Children,Children Sports,"Bathing Suits, Kids",Sunfit Stockton Swimming Trunks Jr.,US,Nautlius SportsWear Inc,6153
5,2.102E+11,Children,Children Sports,"Eclipse, Kid's Clothes",Fleece Cuff Pant Kid'S,US,Eclipse Inc,1303
6,2.102E+11,Children,Children Sports,"Eclipse, Kid's Clothes",Hsc Dutch Player Shirt Junior,US,Eclipse Inc,1303
7,2.102E+11,Children,Children Sports,"Eclipse, Kid's Clothes",Tony's Cut & Sew T-Shirt,US,Eclipse Inc,1303
8,2.102E+11,Children,Children Sports,"Eclipse, Kid's Shoes",Kids Baby Edge Max Shoes,US,Eclipse Inc,1303
9,2.102E+11,Children,Children Sports,"Eclipse, Kid's Shoes",Tony's Children's Deschutz (Bg) Shoes,US,Eclipse Inc,1303
10,2.10201E+11,Children,Children Sports,"Lucky Guy, Kids",Children's Mitten,US,AllSeasons Outdoor Clothing,772
11,2.10201E+11,Children,Children Sports,"Lucky Guy, Kids","Rain Suit, Plain w/backpack Jacket",US,AllSeasons Outdoor Clothing,772
12,2.10201E+11,Children,Children Sports,"Lucky Guy, Kids",Bozeman Rain & Storm Set,US,AllSeasons Outdoor Clothing,772
13,2.10201E+11,Children,Children Sports,"Lucky Guy, Kids",Teen Profleece w/Zipper,US,AllSeasons Outdoor Clothing,772
14,2.10201E+11,Children,Children Sports,"N.D. Gear, Kids",Butch T-Shirt with V-Neck,ES,Luna sastreria S.A.,4742
15,2.10201E+11,Children,Children Sports,"N.D. Gear, Kids",Children's Knit Sweater,ES,Luna sastreria S.A.,4742
16,2.10201E+11,Children,Children Sports,"N.D. Gear, Kids",Gordon Children's Tracking Pants,ES,Luna sastreria S.A.,4742
17,2.10201E+11,Children,Children Sports,"N.D. Gear, Kids",O'my Children's T-Shirt with Logo,ES,Luna sastreria S.A.,4742
18,2.10201E+11,Children,Children Sports,"Olssons, Kids",Strap Pants BBO,ES,Sportico,798
19,2.10201E+11,Children,Children Sports,"Osprey, Kids",Kid Basic Tracking Suit,US,Triple Sportswear Inc,3664
20,2.10201E+11,Children,Children Sports,"Osprey, Kids",Osprey France Nylon Shorts,US,Triple Sportswear Inc,3664
21,2.10201E+11,Children,Children Sports,"Osprey, Kids",Osprey Girl's Tights,US,Triple Sportswear Inc,3664
22,2.10201E+11,Children,Children Sports,Tracker Kid's Clothes,Kid Children's T-Shirt,US,3Top Sports,2963
23,2.10201E+11,Children,Children Sports,Tracker Kid's Clothes,Logo Coord.Children's Sweatshirt,US,3Top Sports,2963
24,2.10201E+11,Children,Children Sports,Tracker Kid's Clothes,Toddler Footwear Socks with Knobs,US,3Top Sports,2963
25,2.10201E+11,Children,Children Sports,Tracker Kid's Clothes,South Peak Junior Training Shoes,US,3Top Sports,2963
26,2.10201E+11,Children,Children Sports,Tracker Kid's Clothes,Starlite Baby Shoes,US,3Top Sports,2963
27,2.10201E+11,Children,Children Sports,"Ypsilon, Kids",Ypsilon Children's Sweat w/Big Logo,FR,Ypsilon S.A.,14624
28,2.201E+11,Clothes & Shoes,Clothes,Eclipse Clothing,Fit Racing Cap,US,Eclipse Inc,1303
29,2.201E+11,Clothes & Shoes,Clothes,Eclipse Clothing,Knit Hat,US,Eclipse Inc,1303
30,2.201E+11,Clothes & Shoes,Clothes,Eclipse Clothing,Sports glasses Satin Alumin.,US,Eclipse Inc,1303
31,2.201E+11,Clothes & Shoes,Clothes,Eclipse Clothing,Big Guy Men's Chaser Poplin Pants,US,Eclipse Inc,1303
32,2.201E+11,Clothes & Shoes,Clothes,Eclipse Clothing,Big Guy Men's Clima Fit Jacket,US,Eclipse Inc,1303
33,2.201E+11,Clothes & Shoes,Clothes,Eclipse Clothing,Big Guy Men's Dri Fit Singlet,US,Eclipse Inc,1303
34,2.201E+11,Clothes & Shoes,Clothes,Eclipse Clothing,Big Guy Men's Fresh Soft Nylon Pants,US,Eclipse Inc,1303
35,2.201E+11,Clothes & Shoes,Clothes,Eclipse Clothing,Big Guy Men's Micro Fiber Full Zip Jacket,US,Eclipse Inc,1303
36,2.201E+11,Clothes & Shoes,Clothes,Eclipse Clothing,Big Guy Men's Micro Fibre Jacket,US,Eclipse Inc,1303
37,2.201E+11,Clothes & Shoes,Clothes,Eclipse Clothing,Big Guy Men's Micro Fibre Shorts XXL,US,Eclipse Inc,1303
38,2.201E+11,Clothes & Shoes,Clothes,Eclipse Clothing,Big Guy Men's Mid Layer Jacket,US,Eclipse Inc,1303
39,2.201E+11,Clothes & Shoes,Clothes,Eclipse Clothing,Big Guy Men's Running Shorts Dri.Fit,US,Eclipse Inc,1303
40,2.201E+11,Clothes & Shoes,Clothes,Eclipse Clothing,Big Guy Men's Santos Shorts Dri Fit,US,Eclipse Inc,1303
41,2.201E+11,Clothes & Shoes,Clothes,Eclipse Clothing,Big Guy Men's T-Shirt,US,Eclipse Inc,1303
42,2.201E+11,Clothes & Shoes,Clothes,Eclipse Clothing,Big Guy Men's T-Shirt Dri Fit,US,Eclipse Inc,1303
43,2.201E+11,Clothes & Shoes,Clothes,Eclipse Clothing,Big Guy Men's Twill Pants Golf,US,Eclipse Inc,1303
44,2.201E+11,Clothes & Shoes,Clothes,Eclipse Clothing,Big Guy Men's Victory Peach Poplin Pants,US,Eclipse Inc,1303
45,2.201E+11,Clothes & Shoes,Clothes,Eclipse Clothing,Big Guy Men's Woven Warm Up,US,Eclipse Inc,1303
46,2.201E+11,Clothes & Shoes,Clothes,Eclipse Clothing,Insu F.I.T Basic,US,Eclipse Inc,1303
47,2.201E+11,Clothes & Shoes,Clothes,Eclipse Clothing,Northern Fleece Scarf,US,Eclipse Inc,1303
48,2.201E+11,Clothes & Shoes,Clothes,Eclipse Clothing,Toto Tube Socks,US,Eclipse Inc,1303
49,2.201E+11,Clothes & Shoes,Clothes,Eclipse Clothing,Trois-fit Running Qtr Socks (Non-Cush),US,Eclipse Inc,1303
50,2.201E+11,Clothes & Shoes,Clothes,Eclipse Clothing,Woman's Deception Dress,US,Eclipse Inc,1303
51,2.201E+11,Clothes & Shoes,Clothes,Eclipse Clothing,Woman's Dri Fit Airborne Top,US,Eclipse Inc,1303
52,2.201E+11,Clothes & Shoes,Clothes,Eclipse Clothing,Woman's Dri-Fit Scoop Neck Bra,US,Eclipse Inc,1303
53,2.201E+11,Clothes & Shoes,Clothes,Eclipse Clothing,Woman's Emblished Work-Out Pants,US,Eclipse Inc,1303
54,2.201E+11,Clothes & Shoes,Clothes,Eclipse Clothing,Woman's Foxhole Jacket,US,Eclipse Inc,1303
55,2.201E+11,Clothes & Shoes,Clothes,Eclipse Clothing,Woman's Short Top Dri Fit,US,Eclipse Inc,1303
56,2.201E+11,Clothes & Shoes,Clothes,Eclipse Clothing,Woman's Micro Fibre Anorak,US,Eclipse Inc,1303
57,2.201E+11,Clothes & Shoes,Clothes,Eclipse Clothing,Woman's Out & Sew Airborn Top,US,Eclipse Inc,1303
58,2.201E+11,Clothes & Shoes,Clothes,Eclipse Clothing,Woman's Short Tights,US,Eclipse Inc,1303
59,2.201E+11,Clothes & Shoes,Clothes,Eclipse Clothing,Woman's Sweatshirt w/Hood,US,Eclipse Inc,1303
60,2.201E+11,Clothes & Shoes,Clothes,Eclipse Clothing,Woman's T-Shirt w/Hood,US,Eclipse Inc,1303
61,2.201E+11,Clothes & Shoes,Clothes,Eclipse Clothing,Woman's Winter Tights,US,Eclipse Inc,1303
62,2.201E+11,Clothes & Shoes,Clothes,Eclipse Clothing,Woman's Work Out Pants Dri Fit,US,Eclipse Inc,1303
63,2.201E+11,Clothes & Shoes,Clothes,Eclipse Clothing,Woman's Woven Warm Up,US,Eclipse Inc,1303
64,2.201E+11,Clothes & Shoes,Clothes,Green Tomato,Green Lime Atletic Socks,US,Green Lime Sports Inc,18139
65,2.201E+11,Clothes & Shoes,Clothes,Knitwear,Fleece Jacket Compass,US,AllSeasons Outdoor Clothing,772
66,2.201E+11,Clothes & Shoes,Clothes,Knitwear,Dp Roller High-necked Knit,US,Mayday Inc,4646
67,2.201E+11,Clothes & Shoes,Clothes,Knitwear,Instyle Pullover Mid w/Small Zipper,US,AllSeasons Outdoor Clothing,772
68,2.201E+11,Clothes & Shoes,Clothes,Knitwear,Instyle T-Shirt,US,AllSeasons Outdoor Clothing,772
69,2.201E+11,Clothes & Shoes,Clothes,Knitwear,Lucky Knitwear Wool Sweater,US,AllSeasons Outdoor Clothing,772
70,2.201E+11,Clothes & Shoes,Clothes,Knitwear,Mayday Resque Fleece Pullover,US,Mayday Inc,4646
71,2.201E+11,Clothes & Shoes,Clothes,Knitwear,Truls Polar Fleece Cardigan,NO,Truls Sporting Goods,12869
72,2.201E+11,Clothes & Shoes,Clothes,LSF,Big Guy Men's Air Force 1 Sc,US,Eclipse Inc,1303
73,2.201E+11,Clothes & Shoes,Clothes,LSF,Ultra M803 Ng Men's Street Shoes,US,Ultra Sporting Goods Inc,5503
74,2.201E+11,Clothes & Shoes,Clothes,LSF,Ultra W802 All Terrain Women's Shoes,US,Ultra Sporting Goods Inc,5503
75,2.20101E+11,Clothes & Shoes,Clothes,Orion,Dmx 10 Women's Aerobic Shoes,CA,Fuller Trading Co.,16733
76,2.20101E+11,Clothes & Shoes,Clothes,Orion,Alexis Women's Classic Shoes,CA,Fuller Trading Co.,16733
77,2.20101E+11,Clothes & Shoes,Clothes,Orion,Armadillo Road Dmx Men's Running Shoes,CA,Fuller Trading Co.,16733
78,2.20101E+11,Clothes & Shoes,Clothes,Orion,Armadillo Road Dmx Women's Running Shoes,CA,Fuller Trading Co.,16733
79,2.20101E+11,Clothes & Shoes,Clothes,Orion,Duration Women's Trainer Aerobic Shoes,CA,Fuller Trading Co.,16733
80,2.20101E+11,Clothes & Shoes,Clothes,Orion,"Power Women's Dmx Wide, Walking Shoes",CA,Fuller Trading Co.,16733
81,2.20101E+11,Clothes & Shoes,Clothes,Orion,Tcp 6 Men's Running Shoes,CA,Fuller Trading Co.,16733
82,2.20101E+11,Clothes & Shoes,Clothes,Orion,Trooper Ii Dmx-2x Men's Walking Shoes,CA,Fuller Trading Co.,16733
83,2.20101E+11,Clothes & Shoes,Clothes,Orion Clothing,Bra Top Wom.Fitn.Cl,CA,Fuller Trading Co.,16733
84,2.20101E+11,Clothes & Shoes,Clothes,Orion Clothing,Peacock Pants,CA,Fuller Trading Co.,16733
85,2.20101E+11,Clothes & Shoes,Clothes,Orion Clothing,Mick's Men's Cl.Tracksuit,CA,Fuller Trading Co.,16733
86,2.20101E+11,Clothes & Shoes,Clothes,Orion Clothing,Tx Tribe Tank Top,CA,Fuller Trading Co.,16733
87,2.20101E+11,Clothes & Shoes,Clothes,Orion Clothing,Zx Women's Dance Pants,CA,Fuller Trading Co.,16733
88,2.20101E+11,Clothes & Shoes,Clothes,Osprey,Osprey Cabri Micro Suit,US,Triple Sportswear Inc,3664
89,2.20101E+11,Clothes & Shoes,Clothes,Osprey,Osprey Men's King T-Shirt w/Small Logo,US,Triple Sportswear Inc,3664
90,2.20101E+11,Clothes & Shoes,Clothes,Osprey,Osprey Shadow Indoor,US,Triple Sportswear Inc,3664
91,2.20101E+11,Clothes & Shoes,Clothes,Shorts,Carribian Women's Jersey Shorts,US,A Team Sports,3298
92,2.20101E+11,Clothes & Shoes,Clothes,Street Wear,Anthony Bork Maggan 3/4 Long Pique,US,Mayday Inc,4646
93,2.20101E+11,Clothes & Shoes,Clothes,Street Wear,Tyfoon Flex Shorts,AU,Typhoon Clothing,11427
94,2.20101E+11,Clothes & Shoes,Clothes,Street Wear,Tyfoon Ketch T-Shirt,AU,Typhoon Clothing,11427
95,2.20101E+11,Clothes & Shoes,Clothes,Street Wear,Tyfoon Oliver Sweatshirt,AU,Typhoon Clothing,11427
96,2.20101E+11,Clothes & Shoes,Clothes,T-Shirts,"T-Shirt, Short-sleeved, Big Logo",US,A Team Sports,3298
97,2.20101E+11,Clothes & Shoes,Clothes,T-Shirts,Men's T-Shirt Small Logo,US,A Team Sports,3298
98,2.20101E+11,Clothes & Shoes,Clothes,T-Shirts,Toncot Beefy-T Emb T-Shirt,US,A Team Sports,3298
99,2.20101E+11,Clothes & Shoes,Clothes,Tracker Clothes,Badminton Cotton,US,3Top Sports,2963
100,2.20101E+11,Clothes & Shoes,Clothes,Tracker Clothes,Men's Cap,US,3Top Sports,2963
101,2.20101E+11,Clothes & Shoes,Clothes,Tracker Clothes,Men's Running Tee Short Sleeves,US,3Top Sports,2963
102,2.20101E+11,Clothes & Shoes,Clothes,Tracker Clothes,Socks Wmns'Fitness,US,Eclipse Inc,1303
103,2.20101E+11,Clothes & Shoes,Clothes,Tracker Clothes,Swimming Trunks Struc,US,3Top Sports,2963
104,2.20101E+11,Clothes & Shoes,Clothes,Tracker Clothes,2bwet 3 Cb Swimming Trunks,US,3Top Sports,2963
105,2.20101E+11,Clothes & Shoes,Clothes,Tracker Clothes,2bwet 3 Solid Bikini,US,3Top Sports,2963
106,2.20101E+11,Clothes & Shoes,Clothes,Tracker Clothes,Casual Genuine Polo-Shirt,US,3Top Sports,2963
107,2.20101E+11,Clothes & Shoes,Clothes,Tracker Clothes,Casual Genuine Tee,US,3Top Sports,2963
108,2.20101E+11,Clothes & Shoes,Clothes,Tracker Clothes,Casual Logo Men's Sweatshirt,US,3Top Sports,2963
109,2.20101E+11,Clothes & Shoes,Clothes,Tracker Clothes,Casual Sport Shorts,US,3Top Sports,2963
110,2.20101E+11,Clothes & Shoes,Clothes,Tracker Clothes,Casual.st.polo Long-sleeved Polo-shirt,US,3Top Sports,2963
111,2.20101E+11,Clothes & Shoes,Clothes,Tracker Clothes,Comp. Women's Sleeveless Polo,US,3Top Sports,2963
112,2.20101E+11,Clothes & Shoes,Clothes,Tracker Clothes,Dima 2-Layer Men's Suit,US,3Top Sports,2963
113,2.20101E+11,Clothes & Shoes,Clothes,Tracker Clothes,Essence.baseball Cap,US,3Top Sports,2963
114,2.20101E+11,Clothes & Shoes,Clothes,Tracker Clothes,Essence.cap Men's Bag,US,3Top Sports,2963
115,2.20101E+11,Clothes & Shoes,Clothes,Tracker Clothes,Essential Suit 2 Swim Suit,US,3Top Sports,2963
116,2.20101E+11,Clothes & Shoes,Clothes,Tracker Clothes,Essential Trunk 2 Swimming Trunks,US,3Top Sports,2963
117,2.20101E+11,Clothes & Shoes,Clothes,Tracker Clothes,Kaitum Women's Swim Suit,US,3Top Sports,2963
118,2.20101E+11,Clothes & Shoes,Clothes,Tracker Clothes,Mm Daypouch Shoulder Bag,US,3Top Sports,2963
119,2.20101E+11,Clothes & Shoes,Clothes,Tracker Clothes,Mns.jacket Jacket,US,3Top Sports,2963
120,2.20101E+11,Clothes & Shoes,Clothes,Tracker Clothes,Mns.long Tights,US,3Top Sports,2963
121,2.20101E+11,Clothes & Shoes,Clothes,Tracker Clothes,Ottis Pes Men's Pants,US,3Top Sports,2963
122,2.20101E+11,Clothes & Shoes,Clothes,Tracker Clothes,Outfit Women's Shirt,US,3Top Sports,2963
123,2.20101E+11,Clothes & Shoes,Clothes,Tracker Clothes,Pine Sweat with Hood,US,3Top Sports,2963
124,2.20101E+11,Clothes & Shoes,Clothes,Tracker Clothes,Quali Jacket with Hood,US,3Top Sports,2963
125,2.20101E+11,Clothes & Shoes,Clothes,Tracker Clothes,Quali Sweatpant,US,3Top Sports,2963
126,2.20101E+11,Clothes & Shoes,Clothes,Tracker Clothes,Quali Sweatshirt,US,3Top Sports,2963
127,2.20101E+11,Clothes & Shoes,Clothes,Tracker Clothes,Sherpa Pes Shiny Cotton,US,3Top Sports,2963
128,2.20101E+11,Clothes & Shoes,Clothes,Tracker Clothes,Short Women's Tights,US,3Top Sports,2963
129,2.20101E+11,Clothes & Shoes,Clothes,Tracker Clothes,Stars Swim Suit,US,3Top Sports,2963
130,2.20101E+11,Clothes & Shoes,Clothes,Tracker Clothes,Tims Shorts,US,3Top Sports,2963
131,2.20101E+11,Clothes & Shoes,Clothes,Tracker Clothes,Tracker Fitness Stockings,US,3Top Sports,2963
132,2.20101E+11,Clothes & Shoes,Clothes,Tracker Clothes,Brafit Swim Tights,ES,Luna sastreria S.A.,4742
133,2.20101E+11,Clothes & Shoes,Clothes,Tracker Clothes,Jogging Pants  Men's Tracking Pants w/Small L,GB,Greenline Sports Ltd,14682
134,2.20101E+11,Clothes & Shoes,Clothes,Tracker Clothes,N.d.gear Basic T-Shirt,GB,Greenline Sports Ltd,14682
135,2.20101E+11,Clothes & Shoes,Clothes,Tracker Clothes,N.d.gear Cap,GB,Greenline Sports Ltd,14682
136,2.202E+11,Clothes & Shoes,Shoes,Eclipse Shoes,Cnv Plus Men's Off Court Tennis,US,Eclipse Inc,1303
137,2.202E+11,Clothes & Shoes,Shoes,Eclipse Shoes,Atmosphere Imara Women's Running Shoes,US,Eclipse Inc,1303
138,2.202E+11,Clothes & Shoes,Shoes,Eclipse Shoes,Atmosphere Shatter Mid Shoes,US,Eclipse Inc,1303
139,2.202E+11,Clothes & Shoes,Shoes,Eclipse Shoes,Big Guy Men's Air Deschutz Viii Shoes,US,Eclipse Inc,1303
140,2.202E+11,Clothes & Shoes,Shoes,Eclipse Shoes,Big Guy Men's Air Terra Reach Shoes,US,Eclipse Inc,1303
141,2.202E+11,Clothes & Shoes,Shoes,Eclipse Shoes,Big Guy Men's Air Terra Sebec Shoes,US,Eclipse Inc,1303
142,2.202E+11,Clothes & Shoes,Shoes,Eclipse Shoes,Big Guy Men's International Triax Shoes,US,Eclipse Inc,1303
143,2.202E+11,Clothes & Shoes,Shoes,Eclipse Shoes,Big Guy Men's Multicourt Ii Shoes,US,Eclipse Inc,1303
144,2.202E+11,Clothes & Shoes,Shoes,Eclipse Shoes,Woman's Air Amend Mid,US,Eclipse Inc,1303
145,2.202E+11,Clothes & Shoes,Shoes,Eclipse Shoes,Woman's Air Converge Triax X,US,Eclipse Inc,1303
146,2.202E+11,Clothes & Shoes,Shoes,Eclipse Shoes,Woman's Air Imara,US,Eclipse Inc,1303
147,2.202E+11,Clothes & Shoes,Shoes,Eclipse Shoes,Woman's Air Rasp Suede,US,Eclipse Inc,1303
148,2.202E+11,Clothes & Shoes,Shoes,Eclipse Shoes,Woman's Air Zoom Drive,US,Eclipse Inc,1303
149,2.202E+11,Clothes & Shoes,Shoes,Eclipse Shoes,Woman's Air Zoom Sterling,US,Eclipse Inc,1303
150,2.202E+11,Clothes & Shoes,Shoes,Shoes,Dubby Low Men's Street Shoes,SE,Petterson AB,109
151,2.202E+11,Clothes & Shoes,Shoes,Shoes,Lulu Men's Street Shoes,SE,Petterson AB,109
152,2.202E+11,Clothes & Shoes,Shoes,Shoes,Pro Fit Gel Ds Trainer Women's Running Shoes,US,Pro Sportswear Inc,1747
153,2.202E+11,Clothes & Shoes,Shoes,Shoes,Pro Fit Gel Gt 2030 Women's Running Shoes,US,Pro Sportswear Inc,1747
154,2.202E+11,Clothes & Shoes,Shoes,Shoes,Soft Alta Plus Women's Indoor Shoes,US,Pro Sportswear Inc,1747
155,2.202E+11,Clothes & Shoes,Shoes,Shoes,Soft Astro Men's Running Shoes,US,Pro Sportswear Inc,1747
156,2.202E+11,Clothes & Shoes,Shoes,Shoes,Twain Men's Exit Low 2000 Street Shoes,US,Twain Inc,13198
157,2.202E+11,Clothes & Shoes,Shoes,Shoes,Twain Stf6 Gtx M Men's Trekking Boot,US,Twain Inc,13198
158,2.202E+11,Clothes & Shoes,Shoes,Shoes,Twain Women's Exit Iii Mid Cd X-Hiking Shoes,US,Twain Inc,13198
159,2.202E+11,Clothes & Shoes,Shoes,Shoes,Twain Women's Expresso X-Hiking Shoes,US,Twain Inc,13198
160,2.202E+11,Clothes & Shoes,Shoes,Tracker Shoes,Pytossage Bathing Sandal,US,3Top Sports,2963
161,2.202E+11,Clothes & Shoes,Shoes,Tracker Shoes,Liga Football Boot,US,3Top Sports,2963
162,2.202E+11,Clothes & Shoes,Shoes,Tracker Shoes,Men's Running Shoes Piedmmont,US,3Top Sports,2963
163,2.202E+11,Clothes & Shoes,Shoes,Tracker Shoes,Hilly Women's Crosstrainer Shoes,US,3Top Sports,2963
164,2.202E+11,Clothes & Shoes,Shoes,Tracker Shoes,Indoor Handbold Special Shoes,US,3Top Sports,2963
165,2.202E+11,Clothes & Shoes,Shoes,Tracker Shoes,Mns.raptor Precision Sg Football,US,3Top Sports,2963
166,2.202E+11,Clothes & Shoes,Shoes,Tracker Shoes,South Peak Men's Running Shoes,US,3Top Sports,2963
167,2.202E+11,Clothes & Shoes,Shoes,Tracker Shoes,Torino Men's Leather Adventure Shoes,US,3Top Sports,2963
168,2.202E+11,Clothes & Shoes,Shoes,Tracker Shoes,Hardcore Junior/Women's Street Shoes Large,GB,Greenline Sports Ltd,14682
169,2.202E+11,Clothes & Shoes,Shoes,Tracker Shoes,Hardcore Men's Street Shoes Large,GB,Greenline Sports Ltd,14682
170,2.301E+11,Outdoors,Outdoors,Anoraks & Parkas,Jacket Nome,ES,Luna sastreria S.A.,4742
171,2.301E+11,Outdoors,Outdoors,Anoraks & Parkas,Jacket with Removable Fleece,US,AllSeasons Outdoor Clothing,772
172,2.301E+11,Outdoors,Outdoors,Anoraks & Parkas,Men's Jacket Caians,NO,Scandinavian Clothing A/S,50
173,2.301E+11,Outdoors,Outdoors,Anoraks & Parkas,Men's Jacket Rem,NO,Scandinavian Clothing A/S,50
174,2.301E+11,Outdoors,Outdoors,Anoraks & Parkas,Men's Jacket Sandy,ES,Luna sastreria S.A.,4742
175,2.301E+11,Outdoors,Outdoors,Anoraks & Parkas,Women's Shorts,NO,Scandinavian Clothing A/S,50
176,2.301E+11,Outdoors,Outdoors,Anoraks & Parkas,4men Men's Polar Down Jacket,US,AllSeasons Outdoor Clothing,772
177,2.301E+11,Outdoors,Outdoors,Anoraks & Parkas,Big Guy Men's Packable Hiking Shorts,US,Miller Trading Inc,15218
178,2.301E+11,Outdoors,Outdoors,Anoraks & Parkas,Duwall Pants,US,AllSeasons Outdoor Clothing,772
179,2.301E+11,Outdoors,Outdoors,Anoraks & Parkas,Lucky Voss Jacket,US,AllSeasons Outdoor Clothing,772
180,2.301E+11,Outdoors,Outdoors,Anoraks & Parkas,Monster Men's Pants with Zipper,NO,Scandinavian Clothing A/S,50
181,2.301E+11,Outdoors,Outdoors,Anoraks & Parkas,Topper Pants,US,AllSeasons Outdoor Clothing,772
182,2.301E+11,Outdoors,Outdoors,Anoraks & Parkas,Tx Peak Parka,US,Miller Trading Inc,15218
183,2.301E+11,Outdoors,Outdoors,Backpacks,Black/Black,DK,Top Sports,755
184,2.301E+11,Outdoors,Outdoors,Backpacks,X-Large Bottlegreen/Black,DK,Top Sports,755
185,2.301E+11,Outdoors,Outdoors,Backpacks,Commanche Women's 6000 Q Backpack. Bark,DK,Top Sports,755
186,2.301E+11,Outdoors,Outdoors,Backpacks,Expedition Camp Duffle Medium Backpack,US,Miller Trading Inc,15218
187,2.301E+11,Outdoors,Outdoors,Backpacks,Feelgood 55-75 Litre Black Women's Backpack,AU,Toto Outdoor Gear,10692
188,2.301E+11,Outdoors,Outdoors,Backpacks,Jaguar 50-75 Liter Blue Women's Backpack,AU,Toto Outdoor Gear,10692
189,2.301E+11,Outdoors,Outdoors,Backpacks,Medium Black/Bark Backpack,DK,Top Sports,755
190,2.301E+11,Outdoors,Outdoors,Backpacks,Medium Gold Black/Gold Backpack,DK,Top Sports,755
191,2.301E+11,Outdoors,Outdoors,Backpacks,Medium Olive Olive/Black Backpack,DK,Top Sports,755
192,2.301E+11,Outdoors,Outdoors,Backpacks,Trekker 65 Royal Men's Backpack,AU,Toto Outdoor Gear,10692
193,2.301E+11,Outdoors,Outdoors,Backpacks,Victor Grey/Olive Women's Backpack,DK,Top Sports,755
194,2.301E+11,Outdoors,Outdoors,Backpacks,Deer Backpack,ES,Luna sastreria S.A.,4742
195,2.301E+11,Outdoors,Outdoors,Backpacks,Deer Waist Bag,ES,Luna sastreria S.A.,4742
196,2.301E+11,Outdoors,Outdoors,Backpacks,Hammock Sports Bag,ES,Luna sastreria S.A.,4742
197,2.301E+11,Outdoors,Outdoors,Backpacks,Sioux Men's Backpack 26 Litre.,US,Miller Trading Inc,15218
198,2.301E+11,Outdoors,Outdoors,Gloves & Mittens,Gloves Le Fly Mitten,PT,Magnifico Sports,1684
199,2.301E+11,Outdoors,Outdoors,Gloves & Mittens,Massif Dual Gloves,FR,Massif S.A.,13199
200,2.301E+11,Outdoors,Outdoors,Gloves & Mittens,Montana Adult Gloves,SE,Svensson Trading AB,6355
201,2.301E+11,Outdoors,Outdoors,Gloves & Mittens,Scania Unisex Gloves,SE,Svensson Trading AB,6355
202,2.301E+11,Outdoors,Outdoors,Knitted Accessories,Breaker Commandos Cap,DK,Norsok A/S,4793
203,2.301E+11,Outdoors,Outdoors,Knitted Accessories,Breaker Frozen Husky Hat,DK,Norsok A/S,4793
204,2.301E+11,Outdoors,Outdoors,Knitted Accessories,Breaker Russia Cap,DK,Norsok A/S,4793
205,2.301E+11,Outdoors,Outdoors,Knitted Accessories,Mayday Serious Headband,US,Mayday Inc,4646
206,2.30101E+11,Outdoors,Outdoors,Outdoor Gear,"Backpack Flag, 6,5x9 Cm.",GB,Prime Sports Ltd,316
207,2.30101E+11,Outdoors,Outdoors,Outdoor Gear,Collapsible Water Can,GB,Prime Sports Ltd,316
208,2.30101E+11,Outdoors,Outdoors,Outdoor Gear,Dome Tent Monodome Alu,GB,Prime Sports Ltd,316
209,2.30101E+11,Outdoors,Outdoors,Outdoor Gear,Inflatable 3.5,GB,Prime Sports Ltd,316
210,2.30101E+11,Outdoors,Outdoors,Outdoor Gear,Lamp with Battery Box,GB,Prime Sports Ltd,316
211,2.30101E+11,Outdoors,Outdoors,Outdoor Gear,"Money Purse, Black",DK,Top Sports,755
212,2.30101E+11,Outdoors,Outdoors,Outdoor Gear,Pocket Light with Crypton Bulb,GB,Prime Sports Ltd,316
213,2.30101E+11,Outdoors,Outdoors,Outdoor Gear,Proofing Spray,GB,Prime Sports Ltd,316
214,2.30101E+11,Outdoors,Outdoors,Outdoor Gear,"Small Belt Bag, Black",DK,Top Sports,755
215,2.30101E+11,Outdoors,Outdoors,Outdoor Gear,Trekking Tent,GB,Prime Sports Ltd,316
216,2.30101E+11,Outdoors,Outdoors,Outdoor Gear,Cup Picnic Mug 25 Cl.,GB,Prime Sports Ltd,316
217,2.30101E+11,Outdoors,Outdoors,Outdoor Gear,Knife,US,KN Outdoor Trading Inc,4718
218,2.30101E+11,Outdoors,Outdoors,Outdoor Gear,Mattress with 5 channels 196x72,GB,Prime Sports Ltd,316
219,2.30101E+11,Outdoors,Outdoors,Outdoor Gear,Outback Spirits Kitchen,GB,Prime Sports Ltd,316
220,2.30101E+11,Outdoors,Outdoors,Outdoor Gear,Plate Picnic Deep,GB,Prime Sports Ltd,316
221,2.30101E+11,Outdoors,Outdoors,Outdoor Gear,Single Full Box Madras honeycomb-weave,GB,Prime Sports Ltd,316
222,2.30101E+11,Outdoors,Outdoors,Outdoor Gear,"Tent Milano Tent,4 Persons, about 4.8",GB,Prime Sports Ltd,316
223,2.30101E+11,Outdoors,Outdoors,Outdoor Gear,Jl Legacy Curig I.A.Jacket,US,AllSeasons Outdoor Clothing,772
224,2.30101E+11,Outdoors,Outdoors,Outdoor Gear,Jl Rainlight Essential Pants,US,AllSeasons Outdoor Clothing,772
225,2.30101E+11,Outdoors,Outdoors,Outdoor Gear,Lucky Tech Classic Rain Pants,US,AllSeasons Outdoor Clothing,772
226,2.30101E+11,Outdoors,Outdoors,Outdoor Gear,Lucky Tech Intergal Wp/B Rain Pants,US,AllSeasons Outdoor Clothing,772
227,2.30101E+11,Outdoors,Outdoors,Outdoor Gear,Mayday Qd Zip Pants,US,Mayday Inc,4646
228,2.30101E+11,Outdoors,Outdoors,Outdoor Gear,Mayday Soul Ht Jacket,US,Mayday Inc,4646
229,2.30101E+11,Outdoors,Outdoors,Outdoor Gear,Mayday Sports Pullover,US,Mayday Inc,4646
230,2.30101E+11,Outdoors,Outdoors,Outdoor Gear,Mayday W'S Sports Pullover,US,Mayday Inc,4646
231,2.30101E+11,Outdoors,Outdoors,Outdoor Gear,"Men's Pants, Basic",US,Mayday Inc,4646
232,2.30101E+11,Outdoors,Outdoors,Outdoor Gear,Men's Sports Pullover,US,Mayday Inc,4646
233,2.30101E+11,Outdoors,Outdoors,Outdoor Gear,Rain Jacket,US,AllSeasons Outdoor Clothing,772
234,2.30101E+11,Outdoors,Outdoors,Outdoor Gear,Ultra Ht Lightning Set,US,AllSeasons Outdoor Clothing,772
235,2.30101E+11,Outdoors,Outdoors,Sleepingbags,"Sheet Sleeping Bag, Red",GB,Outback Outfitters Ltd,16422
236,2.30101E+11,Outdoors,Outdoors,Sleepingbags,"Basic 10, Left , Yellow/Black",DK,Top Sports,755
237,2.30101E+11,Outdoors,Outdoors,Sleepingbags,"Expedition Zero,Medium,Left,Charcoal",DK,Top Sports,755
238,2.30101E+11,Outdoors,Outdoors,Sleepingbags,"Expedition Zero,Medium,Right,Charcoal",DK,Top Sports,755
239,2.30101E+11,Outdoors,Outdoors,Sleepingbags,"Expedition Zero,Small,Left,Charcoal",DK,Top Sports,755
240,2.30101E+11,Outdoors,Outdoors,Sleepingbags,"Expedition Zero,Small,Right,Charcoal",DK,Top Sports,755
241,2.30101E+11,Outdoors,Outdoors,Sleepingbags,"Expedition10,Medium,Right,Blue Ribbon",DK,Top Sports,755
242,2.30101E+11,Outdoors,Outdoors,Sleepingbags,"Expedition 10,Small,Left,Blue Ribbon",DK,Top Sports,755
243,2.30101E+11,Outdoors,Outdoors,Sleepingbags,"Expedition 10,Small,Right,Blue Ribbon",DK,Top Sports,755
244,2.30101E+11,Outdoors,Outdoors,Sleepingbags,"Expedition 20,Large,Right,Forestgreen",DK,Top Sports,755
245,2.30101E+11,Outdoors,Outdoors,Sleepingbags,"Expedition 20,Medium,Right,Forestgreen",DK,Top Sports,755
246,2.30101E+11,Outdoors,Outdoors,Sleepingbags,"Outback Sleeping Bag, Large,Left,Blue/Black",DK,Top Sports,755
247,2.30101E+11,Outdoors,Outdoors,Sleepingbags,"Outback Sleeping Bag, Large,Right, Blue/Black",DK,Top Sports,755
248,2.30101E+11,Outdoors,Outdoors,Sleepingbags,"Polar Bear Sleeping mat, Olive Green",GB,Outback Outfitters Ltd,16422
249,2.30101E+11,Outdoors,Outdoors,Sleepingbags,Tent Summer 195 Twin Sleeping Bag,GB,Outback Outfitters Ltd,16422
250,2.30101E+11,Outdoors,Outdoors,Sleepingbags,Tipee Summer Sleeping Bag,GB,Outback Outfitters Ltd,16422
251,2.30101E+11,Outdoors,Outdoors,Sleepingbags,Tipee Twin Blue/Orange,GB,Outback Outfitters Ltd,16422
252,2.30101E+11,Outdoors,Outdoors,Tents,Comfort Shelter,GB,Outback Outfitters Ltd,16422
253,2.30101E+11,Outdoors,Outdoors,Tents,Expedition Dome 3,GB,Outback Outfitters Ltd,16422
254,2.30101E+11,Outdoors,Outdoors,Tents,Family Holiday 4,SE,Petterson AB,109
255,2.30101E+11,Outdoors,Outdoors,Tents,Family Holiday 6,SE,Petterson AB,109
256,2.30101E+11,Outdoors,Outdoors,Tents,Hurricane 4,SE,Petterson AB,109
257,2.401E+11,Sports,Assorted Sports Articles,Assorted Sports articles,Buzz Saw,CA,CrystalClear Optics Inc,16814
258,2.401E+11,Sports,Assorted Sports Articles,Assorted Sports articles,Capsy Hood,US,Nautlius SportsWear Inc,6153
259,2.401E+11,Sports,Assorted Sports Articles,Assorted Sports articles,Grey Met.,CA,CrystalClear Optics Inc,16814
260,2.401E+11,Sports,Assorted Sports Articles,Assorted Sports articles,Grey,CA,CrystalClear Optics Inc,16814
261,2.401E+11,Sports,Assorted Sports Articles,Assorted Sports articles,Wood Box for 6 Balls,GB,Royal Darts Ltd,4514
262,2.401E+11,Sports,Assorted Sports Articles,Assorted Sports articles,A-team Smoothsport Bra,US,A Team Sports,3298
263,2.401E+11,Sports,Assorted Sports Articles,Assorted Sports articles,Barret 2.12 Men's Softboot,US,Roll-Over Inc,3815
264,2.401E+11,Sports,Assorted Sports Articles,Assorted Sports articles,Barret 3.1 Women's Softboot,US,Roll-Over Inc,3815
265,2.401E+11,Sports,Assorted Sports Articles,Assorted Sports articles,Dartsharpener Key ring,GB,Royal Darts Ltd,4514
266,2.401E+11,Sports,Assorted Sports Articles,Assorted Sports articles,Hiclass Mundo 78a 36x72mm Pink-Swirl,US,Roll-Over Inc,3815
267,2.401E+11,Sports,Assorted Sports Articles,Assorted Sports articles,Hot Mini Backboard Bulls,NL,Van Dammeren International,2995
268,2.401E+11,Sports,Assorted Sports Articles,Assorted Sports articles,Mk Splinter 66 5m 88a Pea.,PT,Magnifico Sports,1684
269,2.401E+11,Sports,Assorted Sports Articles,Assorted Sports articles,Northern Coach,GB,EA Sports Limited,12283
270,2.401E+11,Sports,Assorted Sports Articles,Assorted Sports articles,Northern Liquid Belt with Bottle,GB,EA Sports Limited,12283
271,2.401E+11,Sports,Assorted Sports Articles,Assorted Sports articles,Proskater Viablade Tx Women's Fitness,US,Roll-Over Inc,3815
272,2.401E+11,Sports,Assorted Sports Articles,Assorted Sports articles,Prosoccer  Club Football 4/32 (Replica) Synth,US,Teamsports Inc,5810
273,2.401E+11,Sports,Assorted Sports Articles,Assorted Sports articles,Shoelace White 150 Cm,US,Teamsports Inc,5810
274,2.401E+11,Sports,Assorted Sports Articles,Assorted Sports articles,Shoeshine Black,CA,CrystalClear Optics Inc,16814
275,2.401E+11,Sports,Assorted Sports Articles,Assorted Sports articles,Sparkle Spray Orange,CA,CrystalClear Optics Inc,16814
276,2.401E+11,Sports,Assorted Sports Articles,Assorted Sports articles,Stout Brass 18 Gram,GB,Royal Darts Ltd,4514
277,2.401E+11,Sports,Assorted Sports Articles,Assorted Sports articles,Top Elite Kit Small,US,Roll-Over Inc,3815
278,2.401E+11,Sports,Assorted Sports Articles,Assorted Sports articles,Victor 76 76mm Optics Blue,PT,Magnifico Sports,1684
279,2.401E+11,Sports,Assorted Sports Articles,Assorted Sports articles,Eliza T-Shirt,ES,Luna sastreria S.A.,4742
280,2.401E+11,Sports,Assorted Sports Articles,Assorted Sports articles,Fred T-Shirt,ES,Luna sastreria S.A.,4742
281,2.401E+11,Sports,Assorted Sports Articles,Assorted Sports articles,Goodtime Bag,ES,Luna sastreria S.A.,4742
282,2.401E+11,Sports,Assorted Sports Articles,Assorted Sports articles,Goodtime Toilet Bag,ES,Luna sastreria S.A.,4742
283,2.401E+11,Sports,Assorted Sports Articles,Assorted Sports articles,Lyon Men's Jacket,ES,Luna sastreria S.A.,4742
284,2.401E+11,Sports,Assorted Sports Articles,Assorted Sports articles,Montevideo Men's Shorts,ES,Luna sastreria S.A.,4742
285,2.401E+11,Sports,Assorted Sports Articles,Assorted Sports articles,Pool Shorts,ES,Luna sastreria S.A.,4742
286,2.401E+11,Sports,Assorted Sports Articles,Assorted Sports articles,Ribstop Jacket,ES,Luna sastreria S.A.,4742
287,2.401E+11,Sports,Assorted Sports Articles,Assorted Sports articles,Roth T-Shirt,ES,Luna sastreria S.A.,4742
288,2.401E+11,Sports,Assorted Sports Articles,Assorted Sports articles,Saturn Big Bag,ES,Luna sastreria S.A.,4742
289,2.401E+11,Sports,Assorted Sports Articles,Assorted Sports articles,Shirt Termir,ES,Luna sastreria S.A.,4742
290,2.401E+11,Sports,Assorted Sports Articles,Assorted Sports articles,Stream Sweatshirt with Tube,ES,Luna sastreria S.A.,4742
291,2.401E+11,Sports,Assorted Sports Articles,Assorted Sports articles,Tybor Sweatshirt with Hood,ES,Luna sastreria S.A.,4742
292,2.401E+11,Sports,Assorted Sports Articles,Assorted Sports articles,Wyoming Men's Socks,ES,Luna sastreria S.A.,4742
293,2.401E+11,Sports,Assorted Sports Articles,Assorted Sports articles,Wyoming Men's T-Shirt with V-Neck,ES,Luna sastreria S.A.,4742
294,2.401E+11,Sports,Assorted Sports Articles,Darts,Aim4it 16 Gram Softtip Pil,GB,Royal Darts Ltd,4514
295,2.401E+11,Sports,Assorted Sports Articles,Darts,Aim4it 80% Tungsten 22 Gram,GB,Royal Darts Ltd,4514
296,2.401E+11,Sports,Assorted Sports Articles,Darts,Pacific 95% 23 Gram,GB,Royal Darts Ltd,4514
297,2.401E+11,Sports,Assorted Sports Articles,Skates,Children's Roller Skates,PT,Magnifico Sports,1684
298,2.401E+11,Sports,Assorted Sports Articles,Skates,Cool Fit Men's Roller Skates,US,Twain Inc,13198
299,2.401E+11,Sports,Assorted Sports Articles,Skates,Cool Fit Women's Roller Skates,US,Twain Inc,13198
300,2.401E+11,Sports,Assorted Sports Articles,Skates,N.d.gear Roller Skates Ff80 80 millimetre78a,PT,Magnifico Sports,1684
301,2.401E+11,Sports,Assorted Sports Articles,Skates,Perfect Fit Men's  Roller Skates,US,Twain Inc,13198
302,2.401E+11,Sports,Assorted Sports Articles,Skates,Perfect Fit Men's Roller Skates,US,Twain Inc,13198
303,2.401E+11,Sports,Assorted Sports Articles,Skates,Perfect Fit Men's Stunt Skates,US,Twain Inc,13198
304,2.401E+11,Sports,Assorted Sports Articles,Skates,Perfect Fit Women's Roller Skates Custom,US,Twain Inc,13198
305,2.401E+11,Sports,Assorted Sports Articles,Skates,Pro-roll Hot Rod Roller Skates,PT,Magnifico Sports,1684
306,2.401E+11,Sports,Assorted Sports Articles,Skates,Pro-roll Lazer Roller Skates,PT,Magnifico Sports,1684
307,2.401E+11,Sports,Assorted Sports Articles,Skates,Pro-roll Panga Roller Skates,PT,Magnifico Sports,1684
308,2.401E+11,Sports,Assorted Sports Articles,Skates,Pro-roll Sabotage-Rp  Roller Skates,PT,Magnifico Sports,1684
309,2.401E+11,Sports,Assorted Sports Articles,Skates,Pro-roll Sq9 80-76mm/78a Roller Skates,PT,Magnifico Sports,1684
310,2.401E+11,Sports,Assorted Sports Articles,Skates,Proskater Kitalpha Gamma Roller Skates,US,Roll-Over Inc,3815
311,2.401E+11,Sports,Assorted Sports Articles,Skates,Proskater Viablade S Roller Skates,US,Roll-Over Inc,3815
312,2.401E+11,Sports,Assorted Sports Articles,Skates,Proskater W-500 Jr.Roller Skates,US,Roll-Over Inc,3815
313,2.401E+11,Sports,Assorted Sports Articles,Skates,Rollerskate Roller Skates Control Xi Adult,PT,Magnifico Sports,1684
314,2.401E+11,Sports,Assorted Sports Articles,Skates,Rollerskate  Roller Skates Ex9 76mm/78a Biofl,PT,Magnifico Sports,1684
315,2.401E+11,Sports,Assorted Sports Articles,Skates,Rollerskate Roller Skates Gretzky Mvp S.B.S,PT,Magnifico Sports,1684
316,2.401E+11,Sports,Assorted Sports Articles,Skates,Rollerskate Roller Skates Panga 72mm/78a,PT,Magnifico Sports,1684
317,2.401E+11,Sports,Assorted Sports Articles,Skates,Rollerskate Roller Skates Sq5 76mm/78a,PT,Magnifico Sports,1684
318,2.401E+11,Sports,Assorted Sports Articles,Skates,Rollerskate Roller Skates Sq7-Ls 76mm/78a,PT,Magnifico Sports,1684
319,2.401E+11,Sports,Assorted Sports Articles,Skates,Rollerskate Roller Skates Sq9 80-76mm/78a,PT,Magnifico Sports,1684
320,2.401E+11,Sports,Assorted Sports Articles,Skates,Rollerskate Roller Skates Xpander,PT,Magnifico Sports,1684
321,2.401E+11,Sports,Assorted Sports Articles,Skates,Twain Ac7/Ft7 Men's Roller Skates,US,Twain Inc,13198
322,2.401E+11,Sports,Assorted Sports Articles,Skates,Twain Ac7/Ft7 Women's Roller Skates,US,Twain Inc,13198
323,2.401E+11,Sports,Assorted Sports Articles,Skates,Twain Tr7 Men's Roller Skates,US,Twain Inc,13198
324,2.401E+11,Sports,Assorted Sports Articles,Skates,Weston F4 Men's Hockey Skates,US,Roll-Over Inc,3815
325,2.402E+11,Sports,Golf,Golf,Ball Bag,NL,Van Dammeren International,2995
326,2.402E+11,Sports,Golf,Golf,Red/White/Black Staff 9 Bag,GB,GrandSlam Sporting Goods Ltd,17832
327,2.402E+11,Sports,Golf,Golf,Tee Holder,NL,Van Dammeren International,2995
328,2.402E+11,Sports,Golf,Golf,Bb Softspikes - Xp 22-pack,GB,TeeTime Ltd,15938
329,2.402E+11,Sports,Golf,Golf,Bretagne Performance Tg Men's Golf Shoes L.,NL,Van Dammeren International,2995
330,2.402E+11,Sports,Golf,Golf,"Bretagne Soft-Tech Men's Glove, left",NL,Van Dammeren International,2995
331,2.402E+11,Sports,Golf,Golf,"Bretagne St2 Men's Golf Glove, left",NL,Van Dammeren International,2995
332,2.402E+11,Sports,Golf,Golf,Bretagne Stabilites 2000 Goretex Shoes,NL,Van Dammeren International,2995
333,2.402E+11,Sports,Golf,Golf,Bretagne Stabilities Tg Men's Golf Shoes,NL,Van Dammeren International,2995
334,2.402E+11,Sports,Golf,Golf,Bretagne Stabilities Women's Golf Shoes,NL,Van Dammeren International,2995
335,2.402E+11,Sports,Golf,Golf,Carolina,US,Carolina Sports,3808
336,2.402E+11,Sports,Golf,Golf,Carolina II,US,Carolina Sports,3808
337,2.402E+11,Sports,Golf,Golf,Donald Plush Headcover,GB,TeeTime Ltd,15938
338,2.402E+11,Sports,Golf,Golf,Expert Men's Firesole Driver,US,Twain Inc,13198
339,2.402E+11,Sports,Golf,Golf,Extreme Distance 90 3-pack,US,Carolina Sports,3808
340,2.402E+11,Sports,Golf,Golf,Grandslam Staff Fs Copper Insert Putter,GB,GrandSlam Sporting Goods Ltd,17832
341,2.402E+11,Sports,Golf,Golf,Grandslam Staff Grip Llh Golf Gloves,US,Carolina Sports,3808
342,2.402E+11,Sports,Golf,Golf,Grandslam Staff Tour Mhl Golf Gloves,US,Carolina Sports,3808
343,2.402E+11,Sports,Golf,Golf,Hi-fly Intimidator Ti R80/10,NL,Van Dammeren International,2995
344,2.402E+11,Sports,Golf,Golf,Hi-fly Intrepid Stand 8  Black,NL,Van Dammeren International,2995
345,2.402E+11,Sports,Golf,Golf,Hi-fly Staff Towel Blue/Black,NL,Van Dammeren International,2995
346,2.402E+11,Sports,Golf,Golf,Hi-fly Tour Advance Flex Steel,NL,Van Dammeren International,2995
347,2.402E+11,Sports,Golf,Golf,"Men's.m Men's Winter Gloves, Medium",NL,Van Dammeren International,2995
348,2.402E+11,Sports,Golf,Golf,Normal Standard,GB,TeeTime Ltd,15938
349,2.402E+11,Sports,Golf,Golf,Precision Jack 309 Lh Balata,GB,GrandSlam Sporting Goods Ltd,17832
350,2.402E+11,Sports,Golf,Golf,Proplay Executive Bi-Metal Graphite,NL,Van Dammeren International,2995
351,2.402E+11,Sports,Golf,Golf,Proplay Men's Tour Force Lp 7-Wood,NL,Van Dammeren International,2995
352,2.402E+11,Sports,Golf,Golf,Proplay Men's Tour Force Lp Driver,NL,Van Dammeren International,2995
353,2.402E+11,Sports,Golf,Golf,Proplay Men's Tour Force Ti 5w,NL,Van Dammeren International,2995
354,2.402E+11,Sports,Golf,Golf,Proplay Stand Black,NL,Van Dammeren International,2995
355,2.402E+11,Sports,Golf,Golf,Proplay Women's Tour Force 7w,NL,Van Dammeren International,2995
356,2.402E+11,Sports,Golf,Golf,Rosefinch Cart 8 1/2  Black,NL,Van Dammeren International,2995
357,2.402E+11,Sports,Golf,Golf,Rubby Men's Golf Shoes w/Goretex,ES,Rubby Zapatos S.A.,4168
358,2.402E+11,Sports,Golf,Golf,Rubby Men's Golf Shoes w/Goretex Plain Toe,ES,Rubby Zapatos S.A.,4168
359,2.402E+11,Sports,Golf,Golf,Rubby Women's Golf Shoes w/Gore-Tex,ES,Rubby Zapatos S.A.,4168
360,2.402E+11,Sports,Golf,Golf,Score Counter Scoreboard De Luxe,NL,Van Dammeren International,2995
361,2.402E+11,Sports,Golf,Golf,Tee18 Ascot Chipper,NL,Van Dammeren International,2995
362,2.402E+11,Sports,Golf,Golf,Tee18 Troon 7  Black,NL,Van Dammeren International,2995
363,2.402E+11,Sports,Golf,Golf,"White 90,Top.Flite Strata Tour 3-pack",NL,Van Dammeren International,2995
364,2.402E+11,Sports,Golf,Golf Clothes,Golf Polo(1/400),US,Mike Schaeffer Inc,7511
365,2.402E+11,Sports,Golf,Golf Clothes,Golf Windstopper,US,Mike Schaeffer Inc,7511
366,2.402E+11,Sports,Golf,Golf Clothes,Master Golf Rain Suit,US,Mike Schaeffer Inc,7511
367,2.402E+11,Sports,Golf,Golf Clothes,Tek Cap,US,Twain Inc,13198
368,2.402E+11,Sports,Golf,Golf Clothes,Big Boss Houston Pants,US,Mike Schaeffer Inc,7511
369,2.402E+11,Sports,Golf,Golf Clothes,Bogie Golf Fleece with small Zipper,US,Mike Schaeffer Inc,7511
370,2.402E+11,Sports,Golf,Golf Clothes,Eagle 5 Pocket Pants with Stretch,US,HighPoint Trading,10225
371,2.402E+11,Sports,Golf,Golf Clothes,Eagle Pants with Cross Pocket,US,HighPoint Trading,10225
372,2.402E+11,Sports,Golf,Golf Clothes,Eagle Plain Cap,US,HighPoint Trading,10225
373,2.402E+11,Sports,Golf,Golf Clothes,Eagle Polo-Shirt Interlock,US,HighPoint Trading,10225
374,2.402E+11,Sports,Golf,Golf Clothes,Eagle Windstopper Knit Neck,US,HighPoint Trading,10225
375,2.402E+11,Sports,Golf,Golf Clothes,Eagle Windstopper Sweat Neck,US,HighPoint Trading,10225
376,2.402E+11,Sports,Golf,Golf Clothes,Hi-fly Staff Rain Suit,NL,Van Dammeren International,2995
377,2.402E+11,Sports,Golf,Golf Clothes,Hi-fly Strata Cap Offwhite/Green,NL,Van Dammeren International,2995
378,2.402E+11,Sports,Golf,Golf Clothes,Release Golf Sweatshirt w/Logo(1/100),US,Mike Schaeffer Inc,7511
379,2.402E+11,Sports,Golf,Golf Clothes,Top (1/100),US,Mike Schaeffer Inc,7511
380,2.402E+11,Sports,Golf,Golf Clothes,Wind Proof Windstopper Merino/Acryl,US,HighPoint Trading,10225
381,2.403E+11,Sports,Indoor Sports,Fitness,Abdomen Shaper,NL,TrimSport B.V.,16542
382,2.403E+11,Sports,Indoor Sports,Fitness,Fitness Dumbbell Foam 0.90,NL,TrimSport B.V.,16542
383,2.403E+11,Sports,Indoor Sports,Fitness,Letour Heart Bike,NL,TrimSport B.V.,16542
384,2.403E+11,Sports,Indoor Sports,Fitness,Letour Trimag Bike,NL,TrimSport B.V.,16542
385,2.403E+11,Sports,Indoor Sports,Fitness,Weight  5.0 Kg,NL,TrimSport B.V.,16542
386,2.403E+11,Sports,Indoor Sports,Fitness,Wrist Weight 1.10 Kg,NL,TrimSport B.V.,16542
387,2.403E+11,Sports,Indoor Sports,Fitness,Wrist Weight  2.25 Kg,NL,TrimSport B.V.,16542
388,2.403E+11,Sports,Indoor Sports,Gymnastic Clothing,Blues Jazz Pants Suplex,ES,Sportico,798
389,2.403E+11,Sports,Indoor Sports,Gymnastic Clothing,Cougar Fleece Jacket with Zipper,US,SD Sporting Goods Inc,13710
390,2.403E+11,Sports,Indoor Sports,Gymnastic Clothing,Cougar Windbreaker Vest,US,SD Sporting Goods Inc,13710
391,2.403E+11,Sports,Indoor Sports,Top Trim,Men's Summer Shorts,US,Top Sports Inc,14648
392,2.403E+11,Sports,Indoor Sports,Top Trim,Top Men's Goretex Ski Pants,US,Top Sports Inc,14648
393,2.403E+11,Sports,Indoor Sports,Top Trim,Top Men's R&D Ultimate Jacket,US,Top Sports Inc,14648
394,2.403E+11,Sports,Indoor Sports,Top Trim,Top Men's Retro T-Neck,US,Top Sports Inc,14648
395,2.403E+11,Sports,Indoor Sports,Top Trim,Top R&D Long Jacket,US,Top Sports Inc,14648
396,2.404E+11,Sports,Racket Sports,Racket Sports,Bat 5-Ply,US,Carolina Sports,3808
397,2.404E+11,Sports,Racket Sports,Racket Sports,Sledgehammer 120 Ph Black,GB,GrandSlam Sporting Goods Ltd,17832
398,2.404E+11,Sports,Racket Sports,Racket Sports,Aftm 95 Vf Long Bg-65 White,GB,British Sports Ltd,1280
399,2.404E+11,Sports,Racket Sports,Racket Sports,Bag  Tit.Weekend,FR,Le Blanc S.A.,13079
400,2.404E+11,Sports,Racket Sports,Racket Sports,Grandslam Ultra Power Tennisketcher,GB,GrandSlam Sporting Goods Ltd,17832
401,2.404E+11,Sports,Racket Sports,Racket Sports,"Memhis 350,Yellow Medium, 6-pack tube",GB,British Sports Ltd,1280
402,2.404E+11,Sports,Racket Sports,Racket Sports,Smasher Rd Ti 70 Tennis Racket,GB,British Sports Ltd,1280
403,2.404E+11,Sports,Racket Sports,Racket Sports,Smasher Super Rq Ti 350 Tennis Racket,GB,British Sports Ltd,1280
404,2.404E+11,Sports,Racket Sports,Racket Sports,Smasher Super Rq Ti 700 Long Tennis,GB,British Sports Ltd,1280
405,2.404E+11,Sports,Racket Sports,Racket Sports,Smasher Tg 70 Tennis String Roll,GB,British Sports Ltd,1280
406,2.404E+11,Sports,Racket Sports,Tennis,Anthony Women's Tennis Cable Vest,US,Mayday Inc,4646
407,2.404E+11,Sports,Racket Sports,Tennis,Smasher Polo-Shirt w/V-Neck,GB,British Sports Ltd,1280
408,2.404E+11,Sports,Racket Sports,Tennis,Smasher Shorts,GB,British Sports Ltd,1280
409,2.404E+11,Sports,Racket Sports,Tennis,Smasher Tights,GB,British Sports Ltd,1280
410,2.405E+11,Sports,Running - Jogging,Jogging,Pants N,ES,Luna sastreria S.A.,4742
411,2.405E+11,Sports,Running - Jogging,Jogging,A-team Pants Taffeta,US,A Team Sports,3298
412,2.405E+11,Sports,Running - Jogging,Jogging,"A-team Sweat Round Neck, Small Logo",US,A Team Sports,3298
413,2.405E+11,Sports,Running - Jogging,Jogging,"Men's Sweat Pants without Rib, Small Logo",US,A Team Sports,3298
414,2.405E+11,Sports,Running - Jogging,Jogging,Men's Sweatshirt w/Hood Big Logo,US,A Team Sports,3298
415,2.405E+11,Sports,Running - Jogging,Jogging,Sweatshirt Women's Sweatshirt with O-Neck,US,A Team Sports,3298
416,2.405E+11,Sports,Running - Jogging,Jogging,Triffy Jacket,NL,Triffy B.V.,13314
417,2.405E+11,Sports,Running - Jogging,Jogging,Triffy Logo T-Shirt with V-Neck,NL,Triffy B.V.,13314
418,2.405E+11,Sports,Running - Jogging,Jogging,"Woman Sweat with Round Neck, Big Logo",US,A Team Sports,3298
419,2.405E+11,Sports,Running - Jogging,Jogging,Ypsilon Men's Sweatshirt w/Piping,FR,Ypsilon S.A.,14624
420,2.405E+11,Sports,Running - Jogging,Running Clothes,Men's Singlet,BE,Force Sports,5922
421,2.405E+11,Sports,Running - Jogging,Running Clothes,Running Gloves,BE,Force Sports,5922
422,2.405E+11,Sports,Running - Jogging,Running Clothes,T-Shirt,US,3Top Sports,2963
423,2.405E+11,Sports,Running - Jogging,Running Clothes,Bike.Pants Short Biking Pants,BE,Force Sports,5922
424,2.405E+11,Sports,Running - Jogging,Running Clothes,Breath-brief Long Underpants XXL,BE,Force Sports,5922
425,2.405E+11,Sports,Running - Jogging,Running Clothes,Force Classic Men's Jacket,BE,Force Sports,5922
426,2.405E+11,Sports,Running - Jogging,Running Clothes,Force Micro Men's Suit,BE,Force Sports,5922
427,2.405E+11,Sports,Running - Jogging,Running Clothes,Force Short Sprinter Men's Tights,BE,Force Sports,5922
428,2.405E+11,Sports,Running - Jogging,Running Clothes,Force Technical Jacket w/Coolmax,BE,Force Sports,5922
429,2.405E+11,Sports,Running - Jogging,Running Clothes,Maxrun Running Tights,BE,Force Sports,5922
430,2.405E+11,Sports,Running - Jogging,Running Clothes,Original Running Pants,BE,Force Sports,5922
431,2.405E+11,Sports,Running - Jogging,Running Clothes,Polar Jacket,BE,Force Sports,5922
432,2.405E+11,Sports,Running - Jogging,Running Clothes,Stout Running Shorts,BE,Force Sports,5922
433,2.405E+11,Sports,Running - Jogging,Running Clothes,Stout Running Shorts Micro,BE,Force Sports,5922
434,2.405E+11,Sports,Running - Jogging,Running Clothes,Topline Delphi Race Shorts,BE,Force Sports,5922
435,2.406E+11,Sports,Swim Sports,Bathing Suits,"Goggles, Assorted Colours",US,Nautlius SportsWear Inc,6153
436,2.406E+11,Sports,Swim Sports,Bathing Suits,Swim Suit Fabulo,US,Nautlius SportsWear Inc,6153
437,2.406E+11,Sports,Swim Sports,Bathing Suits,Swim Suit Laurel,ES,Luna sastreria S.A.,4742
438,2.406E+11,Sports,Swim Sports,Bathing Suits,Sharky Swimming Trunks,US,Dolphin Sportswear Inc,16292
439,2.406E+11,Sports,Swim Sports,Bathing Suits,Sunfit Luffa Bikini,US,Nautlius SportsWear Inc,6153
440,2.406E+11,Sports,Swim Sports,Bathing Suits,Milan Swimming Trunks,ES,Luna sastreria S.A.,4742
441,2.406E+11,Sports,Swim Sports,Bathing Suits,Pew Swimming Trunks,ES,Luna sastreria S.A.,4742
442,2.407E+11,Sports,Team Sports,American Football,Armour L,US,A Team Sports,3298
443,2.407E+11,Sports,Team Sports,American Football,Armour XL,US,A Team Sports,3298
444,2.407E+11,Sports,Team Sports,American Football,Football - Helmet M,US,A Team Sports,3298
445,2.407E+11,Sports,Team Sports,American Football,Football - Helmet Pro XL,US,A Team Sports,3298
446,2.407E+11,Sports,Team Sports,American Football,Football - Helmet S,US,A Team Sports,3298
447,2.407E+11,Sports,Team Sports,American Football,Football - Helmet XL,US,A Team Sports,3298
448,2.407E+11,Sports,Team Sports,American Football,Football Super Bowl,US,Carolina Sports,3808
449,2.407E+11,Sports,Team Sports,Baseball,Baseball Orange Small,US,Top Sports Inc,14648
450,2.407E+11,Sports,Team Sports,Baseball,Baseball White Small,US,Top Sports Inc,14648
451,2.407E+11,Sports,Team Sports,Baseball,Bat - Home Run M,US,Miller Trading Inc,15218
452,2.407E+11,Sports,Team Sports,Baseball,Bat - Home Run S,US,Miller Trading Inc,15218
453,2.407E+11,Sports,Team Sports,Baseball,Helmet L,US,Miller Trading Inc,15218
454,2.407E+11,Sports,Team Sports,Baseball,Helmet M,US,Miller Trading Inc,15218
455,2.407E+11,Sports,Team Sports,Baseball,Helmet XL,US,Miller Trading Inc,15218
456,2.407E+11,Sports,Team Sports,Baseball,Bat - Large,US,Miller Trading Inc,15218
457,2.407E+11,Sports,Team Sports,Basket Ball,Basket Ball Pro,US,HighPoint Trading,10225
458,2.407E+11,Sports,Team Sports,Soccer,Stephens Shirt,US,Teamsports Inc,5810
459,2.407E+11,Sports,Team Sports,Soccer,Red Cap,GB,SportsFan Products Ltd,6071
460,2.407E+11,Sports,Team Sports,Soccer,Red Scarf,GB,SportsFan Products Ltd,6071
461,2.407E+11,Sports,Team Sports,Soccer,Fga Home Shorts,US,Fga Sports Inc,14593
462,2.407E+11,Sports,Team Sports,Soccer,Norwood Player Shirt,US,Fga Sports Inc,14593
463,2.407E+11,Sports,Team Sports,Soccer,Prosoccer Away Shirt,US,Fga Sports Inc,14593
464,2.407E+11,Sports,Team Sports,Soccer,Soccer Fan Football Player Shirt,GB,SportsFan Products Ltd,6071
465,2.408E+11,Sports,Winter Sports,Ski Dress,Additive Women's Ski Pants Vent Air,NO,Scandinavian Clothing A/S,50
466,2.408E+11,Sports,Winter Sports,Ski Dress,Garbo Fleece Jacket,US,Miller Trading Inc,15218
467,2.408E+11,Sports,Winter Sports,Ski Dress,Helmsdale Ski Jacket,US,AllSeasons Outdoor Clothing,772
468,2.408E+11,Sports,Winter Sports,Ski Dress,Helmsdale Ski Pants,US,AllSeasons Outdoor Clothing,772
469,2.408E+11,Sports,Winter Sports,Ski Dress,Mayday Soul Pro New Tech Ski Jacket,US,Mayday Inc,4646
470,2.408E+11,Sports,Winter Sports,Winter Sports,Massif Bandit Ski Parcel Axial,FR,Massif S.A.,13199
471,2.408E+11,Sports,Winter Sports,Winter Sports,"Twain X-Scream 7.9 Ski,Sq 750 Dri",US,Twain Inc,13198
472,2.408E+11,Sports,Winter Sports,Winter Sports,Amber Cc,CA,CrystalClear Optics Inc,16814
473,2.408E+11,Sports,Winter Sports,Winter Sports,Black Morphe,CA,CrystalClear Optics Inc,16814
474,2.408E+11,Sports,Winter Sports,Winter Sports,"C.A.M.,Bone",CA,CrystalClear Optics Inc,16814
475,2.408E+11,Sports,Winter Sports,Winter Sports,Cayenne Red,CA,CrystalClear Optics Inc,16814
476,2.408E+11,Sports,Winter Sports,Winter Sports,"Ii Pmt,Bone",CA,CrystalClear Optics Inc,16814
477,2.408E+11,Sports,Winter Sports,Winter Sports,"Regulator,Stopsign",CA,CrystalClear Optics Inc,16814
478,2.408E+11,Sports,Winter Sports,Winter Sports,Shine Black PRO,CA,CrystalClear Optics Inc,16814
479,2.408E+11,Sports,Winter Sports,Winter Sports,Coolman Pro 01 Neon Yellow,US,Twain Inc,13198
480,2.408E+11,Sports,Winter Sports,Winter Sports,Top Equipe 07 Green,US,Twain Inc,13198
481,2.408E+11,Sports,Winter Sports,Winter Sports,Top Equipe 99 Black,US,Twain Inc,13198
